"";"";"";"";"stesso";""
"1";"stesso";"0.0525957057512395";"-0.203670556776464";"0.827413657770801";"62"
